track_id,genre,artist_location,latitude,longitude,cluster
TRALLQX12903CD838C,Jazz,Chicago/ IL,41.88415,-87.63241,12
TRBEBVZ128F425A660,Pop,Newton-le-Willows/ Merseyside/ England,53.45644,-2.63265,8
TRALTKQ128F932DA67,Electronic|Punk,Berlin/ Germany,52.51607,13.37698,4
TRAFAQY12903CA70F7,Rock|Punk,Detroit/ MI,42.33168,-83.04792,13
TRAPCNK128F427D7B5,Electronic,Antibes/ France,43.58015,7.12123,8
TRAKHUW12903CF0048,Rock|Metal,Norway,64.55653,12.66538,4
TRAOJZC128F14932D5,Rock,Crawley/ England,51.11655,-0.18703,8
TRANUME128E0789D4C,Rock,New York/ NY,40.71455,-74.00712,7
TRBEHGH128E078DEDE,Rap,Philadelphia/ Pennsylvania/ U.S.,39.95227,-75.16237,7
TRANSYV128F428A00C,Rock|Country,Galloway/ Panola County/ TX,32.20049,-94.35887,1
TRAVGZS128F9338603,Country,Itawamba County/ MS,34.27611,-88.35068,13
TRARFQL128F931E523,Pop,Hacienda Heights/ CA,33.99363,-117.97092,0
TRADKLT128F9304E1D,Rock|Folk,Brooklyn/ NY,40.71455,-74.00712,7
TRAAWOR128F92DF3C8,Pop|Blues,Scotland,56.65286,-3.99667,8
TRARTSA128F4291550,Metal,Madison/ Wisconsin,43.07295,-89.38669,12
TRAERPT128F931103E,Rock,London/ England,51.50632,-0.12714,8
TRAXXIT128F4263075,Rock,Brazil/ IN,39.52517,-87.1187,13
TRAYXPS128F422842E,Rock,New York/ NY,40.71455,-74.00712,7
TRATHTH128F42BC347,Rock,Nashville/ Tennessee,36.16778,-86.77836,13
TRAVBAH128F9305DFC,Rock|Metal,New York,40.71455,-74.00712,7
TRAOCOE128F4276D18,Punk,London/ England,51.52328,-0.21346,8
TRABLGI128F42B867A,Rock,Orange County/ CA,33.6671,-117.76505,0
TRAJLOY128F92E4EAF,Rock,Toronto/ Ontario/ Canada,43.64856,-79.38533,7
TRAOJMY128E07836D9,Metal,New York,40.71455,-74.00712,7
TRARUTP128E0797FC7,Rock,Los Angeles/ CA,34.05349,-118.24532,0
TRATYJI128F4255D27,Pop|Rap,Denmark,56.27609,9.51695,4
TRBAHJW128F92CC8B4,Metal,Jyväskylä/ Finland,62.24049,25.75129,4
TRADSVJ12903C9CDFA,Rock,London/ England,51.50632,-0.12714,8
TRATHFM128F148ADD4,Rock|Folk,Los Angeles/ CA,34.05349,-118.24532,0
TRAVYHI12903CB95EC,Rap,Thaba Nchu,-29.21545,26.83776,6
TRAGNAX128F9313AE8,Blues,Dallas/ TX,32.77815,-96.7954,1
TRBIDUK128F42806A4,Blues,Smithville/ GA,31.90143,-84.25274,13
TRBHHWQ128F93321AB,Metal,Madison/ Wisconsin,43.07295,-89.38669,12
TRADHLI128F428FEFD,Metal|Punk,Venice/ CA,34.05349,-118.24532,0
TRBAOJU128F42621E6,Punk,L.A 	California/ Estados Unidos ,37.16793,-95.84502,1
TRABGHG128F934B27E,Rock,Arizona,34.16788,-111.9307,0
TRASYSY128F92F39F5,Punk|Rock,California - LA,34.05349,-118.24532,0
TRABNET128F14560AC,Rock|Blues,Oklahoma City/ OK,35.472,-97.52033,1
TRBECAL128F4270F27,Metal|RnB,Coral Springs/ Florida,26.27249,-80.25306,13
TRALLQJ128F933C68A,Rock,Toronto/ Ontario/ Canada,43.64856,-79.38533,7
TRAQEVV128EF34E413,Rock,Sydney/ Australia,34.05349,-118.24532,0
TRAHZMM128E07838FF,Pop,Glasgow/ Scotland,55.8578,-4.24251,8
TRAYUWU128F423F66D,Blues,Edwards/ MS,32.33112,-90.60536,1
TRBEIKK128F14628D6,Pop,Newcastle/ England,54.97791,-1.61237,8
TRADOSF128F9338ADB,Jazz|RnB,Buenos Aires/ Argentina,-34.60852,-58.37354,10
TRAINIF128F426416B,Pop,Orlando/ FL,28.53823,-81.37739,13
TRAVTUD128F93094F2,Electronic|Rock,Birmingham/ England,52.47859,-1.9086,8
TRAEXEA128F933C67D,Rock,Toronto/ Ontario/ Canada,43.64856,-79.38533,7
TRAYUCR128F92E574F,Rock|Blues,San Francisco/ California,37.77916,-122.42005,0
TRAFOKY128F92ED751,Rock,Tulsa/ Oklahoma,36.15398,-95.99277,1
TRABUDK128F14943F3,RnB,Chicago/ IL,41.88415,-87.63241,12
TRACISV12903D13877,Country,OCALA/ Florida,29.18752,-82.14039,13
TRASXSI128F9345EA2,Punk|Metal,Virginia,40.71455,-74.00712,7
TRADUOU12903CF4323,Metal|Rap,Austin/ Texas,30.2676,-97.74298,1
TRBBQJZ128F92C5AF2,Rock,Toronto/ Ontario/ Canada,43.64856,-79.38533,7
TRANIUS12903D00EC7,Rock|Metal,Jyväskylä/ Finland,62.24049,25.75129,4
TRAEPGQ128F932AE6D,Country,Nashville/ TN/ Texas,36.16778,-86.77836,13
TRAUXEL128F42683D5,Metal,Finland,64.95014,26.06739,4
TRAYWLI128F9300223,Pop,Aberdeen,57.15382,-2.10679,8
TRBHPGG128F428C972,Rock|Punk,JP,37.4876,139.83829,14
TRACLRV128EF33FAB8,Rock,London/ England,51.50632,-0.12714,8
TRAYKZI128F932B9E8,Metal,Jacksonville/ FL,30.33138,-81.6558,13
TRAJTYX128F145AD24,Rock,England,52.88356,-1.97406,8
TRBEISL128F931B107,Rock,Melbourne,-37.81753,144.96715,2
TRAIJMG12903D08168,Rock,Los Angeles/ CA,34.05349,-118.24532,0
TRAAJYX128F4255568,Reggae,Great Britain / UK,54.31392,-2.23218,8
TRAZYYE128F1456A0E,Country,Lithonia/ GA,33.71197,-84.10599,13
TRAVDGG128F92E389A,Blues,Algiers/ LA,29.95244,-90.05202,1
TRALHMS128F930C08C,Metal,Boston/ Brooklyn USA,40.65507,-73.94888,7
TRAYVLL128F9335B7A,Rock,Buenos Aires,-34.60852,-58.37354,10
TRBGLSW12903CE3D8A,Rap,Barbados/ West Indies,16.85576,-69.46854,9
TRAVFEW128F92E2B47,Rock,Detroit/ MI,42.33168,-83.04792,13
TRBCBMG12903CDE2A4,Jazz,Jamestown/ ND,46.91008,-98.70853,12
TRASRBB128F42AFD5C,Pop,Lexington/ KY,38.04859,-84.50032,13
TRACTLX128F42A51F6,Reggae,Brooklyn/ NY,40.65507,-73.94888,7
TRAYZXS12903CF1C4F,Rock|Metal,Norway,64.55653,12.66538,4
TRAAGEC128E079252C,Electronic,Cleveland/ OH,41.50471,-81.69074,13
TRBIJES12903CF5B12,Metal,Dayton/ OH,39.75911,-84.19444,13
TRBDKOV128F4290943,Rock,Brooklyn/ New York,40.65507,-73.94888,7
TRBHJAY128F14A9061,Rock,London/ England,40.71455,-74.00712,7
TRBGUUF128F9334B97,Latin,HOUSTON/ Texas,29.76045,-95.36978,1
TRAPFIP128F42AC31E,RnB,Harlem/ New York,40.8079,-73.9454,7
TRAVQBP128F145BB9B,Rock,San Antonio/ TX,29.42449,-98.49462,1
TRAZDTT128F9346306,Rock|Pop,Queens/ NY,40.7038,-73.83168,7
TRASGKM128F42644C5,Rock,New York,40.71455,-74.00712,7
TRAWWHT128F426894E,Country|Folk,NY - New York City,40.71455,-74.00712,7
TRAYZBA128F4264551,Rock|Pop,New York/ NY [Manhattan],40.79086,-73.96644,7
TRAADYB128F92D7E73,Jazz,Sao Paulo/ Brazil,-23.56287,-46.65466,10
TRAZFYU128F93569C6,Rock,Houma/ LA,29.59733,-90.71913,1
TRBFVEP128F42621E3,Punk,L.A 	California/ Estados Unidos ,37.16793,-95.84502,1
TRAJBGL128F145C7A8,Rock,Lynn Lake/ Manitoba/ Canada,56.85147,-101.04893,12
TRAYPFH128E07937C3,Rock,Seattle,47.60356,-122.32944,0
TRAPMTM128F425B4E5,Rock,CHICAGO/ US,41.88415,-87.63241,12
TRAMESI128F93509F7,Pop, NC,35.66693,-80.46935,13
TRAFYGA128F425A92C,Pop|Rock,London/ England,51.50632,-0.12714,8
TRBEBNV128F423783D,Punk,El Paso/ TX,31.75916,-106.48749,1
TRACKWV128F934B6B0,Rock|Metal,New Orleans/ LA,29.95369,-90.07771,1
TRBDBXO128F42B3E45,Pop,St. Renan/ France,48.43434,-4.62141,8
TRAVBCR128F933AE8E,Rock,Houma/ LA,29.59733,-90.71913,1
TRAITDY128F149431C,New Age|Electronic,Volos/ Greece,39.37413,22.95775,4
TRAJDTK128F429FFDF,Country,Galloway/ Panola County/ TX,32.20049,-94.35887,1
TRAMMQW128F42621E1,Punk,L.A 	California/ Estados Unidos ,37.16793,-95.84502,1
TRAVHIA128F1494B0C,Country,Hackleburg/ AL,34.27798,-87.82828,13
TRASKII128F92FA33E,Rock,Anderson/ IN,40.10216,-85.67869,13
TRAOUOI128F4290E44,Country,Galloway/ Panola County/ TX,32.20049,-94.35887,1
TRAZSJY128F92CCEA0,Rock,Walker-on-Tyne/ England,54.97938,-1.54508,8
TRAZSCZ128F42554F4,Rock,Berkeley/ CA,37.8695,-122.2705,0
TRAZLVR128E078F044,Rock,Angleterre,52.88356,-1.97406,8
TRBEXUF128F92DF175,Pop,London,51.50632,-0.12714,8
TRATTAF128F147CA09,Latin,Hermosillo Sonora/ Mexico,29.07904,-110.94695,0
TRAZYQU128F934AC32,Metal,Los Angeles/ CA,34.05349,-118.24532,0
TRABOOL128F426E836,World|Folk,Ireland,53.41961,-8.24055,8
TRAUTXO128F4263C8E,Country,Nashville/ TN/ Texas,36.16778,-86.77836,13
TRBHTOR128F428CADE,Metal,Morris Plains/ NJ,40.82624,-74.47995,7
TRAORSC128F4235056,Punk,Bremerton/ WA,47.565,-122.62569,0
TRAYCIH128E07890B9,Rock,Crawley/ England,51.11655,-0.18703,8
TRAPEIN128E078892E,Rock,Chicago/ IL,41.88415,-87.63241,12
TRBBXML128F4256DFF,Metal|Rock,Norrtälje,59.75952,18.70249,4
TRAWGXD128F428A36B,Country,Fort Meyers/ FL,27.9758,-81.54106,13
TRAKXYJ128F42525ED,Punk,New York/ NY,40.71455,-74.00712,7
TRAJSQA128F4263330,Rock|Pop,Vernet les Bains,42.54843,2.38596,8
TRAQGMY128F425A2F5,Pop,Aberdeen,57.15382,-2.10679,8
TRAJBSL128F428A021,Country,Galloway/ Panola County/ TX,32.20049,-94.35887,1
TRAQKVC128F425E65C,Punk,London/ England,51.52328,-0.21346,8
TRAUDRC128F148D15E,Rock,Heston/ Middlesex/ England,51.4855,-0.37196,8
TRAQACB128F4263F7B,Rock,Manhattan/ Kansas,39.17881,-96.56183,1
TRAYZXR128F934858F,Punk,Bay Area/ CA,37.87869,-121.94345,0
TRALBIA128F4272082,Pop, NC,35.66693,-80.46935,13
TRAPVXU128F149E7CD,Rock,London/ England,51.50632,-0.12714,8
TRBDNZI128F14A9065,Rock,London/ England,40.71455,-74.00712,7
TRATJXC128F93124CE,Country,Brenham/ TX,30.16602,-96.39998,1
TRAKMLM128F14932B0,Rock|Metal,katy,29.78772,-95.82333,1
TRBHJLT128F1460832,Rock,Arizona,34.16788,-111.9307,0
TRAYDYV128F42906E1,Country,Fort Meyers/ FL,27.9758,-81.54106,13
TRAWFZB128F92FFB99,Rock,San Francisco/ CA,37.77916,-122.42005,0
TRANGIY128F427FA51,Rock,Los Angeles/ CA,34.05349,-118.24532,0
TRATKAA128F426E8A0,Folk|Pop,Ireland,53.41961,-8.24055,8
TRAHHMV12903CD0B0D,Pop,Orlando/ FL,28.53823,-81.37739,13
TRAUVVR128F425A925,Pop,London/ England,51.50632,-0.12714,8
TRAKUJS128F14668E5,Rock,San Antonio/ TX,29.42449,-98.49462,1
TRBFMTO128F9322AE7,Rock,London/ England,51.50632,-0.12714,8
TRBFUXQ128F145B135,Rock,Georgia,32.67828,-83.22295,13
TRBEWCS128F428BA34,Punk|Rock,Los Angeles/ CA,34.05349,-118.24532,0
TRAPSHW128F14560A6,Blues|Rock,Oklahoma City/ OK,35.472,-97.52033,1
TRANZRO128F4278401,Country,SAN ANTONIO/ Texas,29.42449,-98.49462,1
TRABPGO128F931B50C,Pop,Bridgeport/ CT,41.18466,-73.19907,7
TRADCHC128F42134B5,Rap,Davis/ CA,38.54666,-121.74477,0
TRBFUNY128C7196B7D,Rap,San Fransisco/ CA,37.27188,-119.27023,0
TRBGFUW12903CA0E6B,Rock,Detroit/ MI,42.33168,-83.04792,13
TRAAGJV128F1464090,Pop,New York/ NY,40.71455,-74.00712,7
TRAPUFL128F425A8F9,Pop,Newton-le-Willows/ Merseyside/ England,53.45644,-2.63265,8
TRACHHH128E0788A35,Rap,Los Angeles/ California,34.05349,-118.24532,0
TRBHNEU128F426E873,World|Folk,Ireland,53.41961,-8.24055,8
TRAMUYQ128F428CA58,Rock,Chicago/ IL,41.88415,-87.63241,12
TRAOWXO128E0783F68,Pop|Country,Glasgow/ Scotland,55.8578,-4.24251,8
TRAZTBZ12903CFB6DA,Pop,Sweden,62.19845,17.55142,4
TRARBGM12903CC5026,Rock,Mass. - Boston,42.31256,-71.08868,7
TRAMOPU128E07888FD,Rock,Chicago/ IL,41.88415,-87.63241,12
TRBGNAF128F9339532,Latin|Rock,New Hampshire,44.00118,-71.6342,7
TRBBXEG128F424EC2C,Rock,Halifax/ Nova Scotia/ Canada,44.64616,-63.57392,7
TRAGEQI128F429154D,Metal|Rock,Madison/ Wisconsin,43.07295,-89.38669,12
TRAVLNW128F4272F05,Latin,Peru,-9.18134,-75.00236,9
TRAWZRG128F1489B24,Punk,Hermosa Beach/ CA,33.86404,-118.39535,0
TRAWSYF128F149431A,New Age|Electronic,Volos/ Greece,39.37413,22.95775,4
TRAQSWI128F9343039,Folk|Rock,Vermillion/ SD,42.78668,-96.92803,12
TRAWBOE128F92F2F46,Rock,Seattle/ WA,47.60356,-122.32944,0
TRAKWXV128F42889FB,Rock|Metal,Newbury Park/ CA,34.18806,-118.94151,0
TRAEBXS128F429933A,Pop,Kentwood/ LA; Los Angeles/ CA,34.05349,-118.24532,0
TRBBYOI128F4256732,Punk,Los Angeles/ CA,34.05349,-118.24532,0
TRAUZVU12903CC050D,Rock|Pop,Queens/ NY,40.7038,-73.83168,7
TRAACER128F4290F96,Metal,Morris Plains/ NJ,40.82624,-74.47995,7
TRAJMEL128F4262B4A,Rock|Blues,Austin/ TX,30.2676,-97.74298,1
TRAXGVY128F933E9C9,Rock|Blues,Walker-on-Tyne/ England,54.97938,-1.54508,8
TRASZQB12903CAAE1B,Rock|Folk,Gothenburg/ Sweden,57.70133,11.96689,4
TRAJHCS128F93192B5,World|Rock,S�/ France,46.71067,1.71819,8
TRAQJMP128F92E3821,Rock,UK,54.31407,-2.23001,8
TRARMUI128F147162F,Rock|Punk,Woking/ Surrey/ England,51.31476,-0.56623,8
TRAUOXB128F146573B,Rock,Washington/ England,54.89814,-1.53179,8
TRABIPA128F1458F79,Rock,London/ England,51.50632,-0.12714,8
TRAXBUJ128F4247432,RnB|Pop,Houston,29.76045,-95.36978,1
TRALOBE12903CDA6C5,Electronic,Earth,34.23294,-102.4102,1
TRAXUBG128F9332164,Rock,Tacoma/ WA,47.25513,-122.44165,0
TRACBWQ128F92F2B91,Blues,Columbus/ GA,32.46292,-84.98763,13
TRABYAR128F931B1A4,Blues,Ukiah/ CA,39.15093,-123.2079,0
TRAQRRD128F425F8E7,Pop,Paris/ France,48.85692,2.34121,8
TRBARSX12903D03AE5,RnB,Ibadan/ Nigeria,7.37884,3.89527,6
TRBBHFE12903CA5EEB,Rock,Madison/ WI,43.07295,-89.38669,12
TRASQCW12903CA07D9,Rock,Muswell Hill/ London/ England,51.59109,-0.14858,8
TRBCWPC128F42438DF,RnB|Rock,Minneapolis/ MN,44.97903,-93.26493,12
TRANIPA128F93151A2,RnB|Jazz,East Orange/ NJ,40.76099,-74.20991,7
TRAWODX128F42AC413,Pop|RnB,Cork/ Ireland,51.89834,-8.47277,8
TRAMBHU128F425A620,Pop|Rock,Newton-le-Willows/ Merseyside/ England,53.45644,-2.63265,8
TRATFEN128F14A3A6E,Country|Pop,Chickasaw County/ MS,33.90698,-88.95535,13
TRBEFJE128F932139E,Pop,Dublin/ Ireland,53.34376,-6.24953,8
TRADNRG128F4295A0E,Country,Brownsville/ TX,25.89958,-97.49553,1
TRADWAU128F145622F,Rock,Birmingham,52.47859,-1.9086,8
TRBBHUW128F429476F,Rap,Germany,51.16418,10.45415,4
TRBFICL12903C9CE02,Rock,London/ England,51.50632,-0.12714,8
TRBEUMG128F422305C,RnB,Austin,30.2676,-97.74298,1
TRAJLEC128F93385A1,World|Rock,Paris/ France,48.85692,2.34121,8
TRAABLR128F423B7E3,Rock,Toronto/ Ontario/ Canada,43.64856,-79.38533,7
TRAHZIL12903CF1DC2,Blues,Marlin/ TX,31.30627,-96.89774,1
TRAXLLN128F428B982,Punk|Rock,New York/ NY,40.71455,-74.00712,7
TRAZOEU128F92E28DD,Rock|RnB,New York/ New York,40.71455,-74.00712,7
TRBFOEA128F425D2DB,Rock,Berkeley/ CA,37.8695,-122.2705,0
TRATWYC12903CE60D6,Rock|Metal,Morris Plains/ NJ,40.82624,-74.47995,7
TRARSKA128F9336A04,Pop,Kentwood/ LA; Los Angeles/ CA,34.05349,-118.24532,0
TRAADLH12903CA70EE,Rock,Detroit/ MI,42.33168,-83.04792,13
TRBBIBE128F4226E29,Rock,Ghent/ Belgium,51.05563,3.72856,8
TRANPHV128F9344CC3,Punk,Santa Barbara/ CA,34.41925,-119.69887,0
TRATQDK128F1489B3E,Punk,Hermosa Beach/ CA,33.86404,-118.39535,0
TRBBOPV12903CFB50F,Pop,New York/ NY [The Bronx],40.71455,-74.00712,7
TRADZQV128F14A5760,RnB|Pop,Bellhaven/ NC,35.21962,-80.01955,13
TRAQYUA128F428742F,Blues,Rossville/ Tennessee (Lived in Como/ Mississippi),34.51042,-89.94049,13
TRADRHX12903CCD1DF,Country,Humboldt/ TN,35.82213,-88.91599,13
TRACXGH128F931686C,Rock,Dayton/ OH,39.75911,-84.19444,13
TRBDUXD128F148328A,Pop,Hacienda Heights/ CA,33.99363,-117.97092,0
TRBGKJU128E079851F,Country,Dayton/ OH,39.75911,-84.19444,13
TRBCBXZ128F14628C3,Pop,Newcastle/ England,54.97791,-1.61237,8
TRAUFLM128F42AECDC,Pop,Kentwood/ LA; Los Angeles/ CA,34.05349,-118.24532,0
TRAZSRV128F1452866,Rock,Dublin/ Ireland,53.34376,-6.24953,8
TRABPUI12903CF22CE,Metal|Rock,H�enlinna/ Finland,64.95014,26.06739,4
TRALKHJ128F92E9D36,Country,Spring Fork/ MO,38.57842,-93.2393,12
TRBBUCK128F42AFAD6,Rap,Harlem/ New York/ NY,40.8079,-73.9454,7
TRAMFHI12903CB4349,Metal,New Orleans/ LA,29.95369,-90.07771,1
TRBCGXN128F148C0CD,Rock,Queens/ NY,40.7038,-73.83168,7
TRARODV128F1460DBC,Rock,Philadelphia/ PA,39.95227,-75.16237,7
TRAZRBR128E0782989,Rock,Wangaratta/ Victoria/ Australia,-36.35484,146.32611,2
TRBEQFT128F4238A28,Reggae,YAHD!,39.49974,-111.54732,0
TRAZWTT128F935AA16,Metal|Rock,Lund/ Sweden,55.70622,13.1876,4
TRAXRSK128F42B44D2,Rock,Los Angeles/ Ca,34.05349,-118.24532,0
TRAKMGY128F4269E37,Country,Los Angeles/ CA,34.05349,-118.24532,0
TRARSAM128F4256E04,Metal|Rock,Norrtälje,59.75952,18.70249,4
TRBHQUM128F9309DE1,Rock|Electronic,Birmingham/ England,52.47859,-1.9086,8
TRAXZSJ128F145B3B0,Rock,England,52.88356,-1.97406,8
TRAIVMM128F4266056,Blues,Los Angeles/ CA,34.05349,-118.24532,0
TRABWPT128F42B06CC,Blues,Los Angeles/ CA,34.05349,-118.24532,0
TRALENK128F92F39E9,Punk,California - LA,34.05349,-118.24532,0
TRALPQV128F424F989,Pop,Berlin/ Germany,52.51607,13.37698,4
TRAIZQI128F42A51F9,Reggae,Brooklyn/ NY,40.65507,-73.94888,7
TRAFYYU128F4229376,Rock|Metal,Buffalo/ New York,42.88544,-78.87846,7
TRBEHFA128F145B3DA,Rock,England,52.88356,-1.97406,8
TRAHBQT128F4213403,Rap,Davis/ CA,38.54666,-121.74477,0
TRAEQQE128F42920E3,Country,Dry Ridge/ KY,38.68193,-84.59431,13
TRAVLXZ128F42A22E4,Country,Galloway/ Panola County/ TX,32.20049,-94.35887,1
TRBDCAH128EF362D31,Rap,Los Angeles/ CA,34.05349,-118.24532,0
TRAWEDC128F14A2EBA,Rock,San Francisco Bay Area,37.87869,-121.94345,0
TRBDLRT128F4296B2F,Rap,Georgia,32.67828,-83.22295,13
TRAYMFR12903D09540,Rock|Country,Dry Ridge/ KY,38.68193,-84.59431,13
TRARBJW128E0788A1A,Rock,Manchester/ England,53.4796,-2.24881,8
TRAWCQE128F14676AC,Rock,NORTH FORT MYERS/ Florida,34.05349,-118.24532,0
TRAIYDL128E0791583,RnB|Pop,St Michael/ Barbados ,13.11199,-59.59895,9
TRAMTFQ128F9352EDB,Metal,Nordrhein-Westfalen,51.42721,7.66379,8
TRAAJJG128F4284B27,Rock,Lansing/ MI,42.73383,-84.59334,12
TRAIKBB128F428AD73,Country,Elkhart/ IN,41.68676,-85.97567,12
TRAHJCI128F92FFB38,Rap|Rock,Harlem/ New York/ NY,40.8079,-73.9454,7
TRAEARU128E0781A02,Rock,London/ UK,51.50632,-0.12714,8
TRBFTJP128F426AC3F,Rock,England,52.88356,-1.97406,8
TRAAOJI128F1458DCD,Rock,London/ England,51.50632,-0.12714,8
TRAYLRT128F42605AF,Rock,Lansing/ MI,42.73383,-84.59334,12
TRAVWTN128F425D2D5,Rock,Berkeley/ CA,37.8695,-122.2705,0
TRABKBS128F42823EC,Rock,Chino Hills/ CA,33.99604,-117.75801,0
TRABAFJ128F42AF24E,Pop,Orlando/ FL,28.53823,-81.37739,13
TRBFJKU12903CEDB0C,Rock,San Antonio/ TX,29.42449,-98.49462,1
TRAPYVH128F428CFD7,Rock|Metal,Providence/ RI,41.82387,-71.41199,7
TRAWFCM12903CBE6FA,Rock,Latvia,56.87546,24.6075,4
TRAYICR128F4282520,Pop,CANADA - Ontario,49.38426,-84.75627,12
TRAKLML128E07999DA,RnB,London,51.50632,-0.12714,8
TRANEQB128F4284978,World|Pop,Ireland,53.41961,-8.24055,8
TRATBGP128F1482545,Rock,Manchester/ England,53.4796,-2.24881,8
TRANYAM12903CD9CFC,Rock,Houma/ LA,29.59733,-90.71913,1
TRARYCL128F1456224,Rock,Birmingham,52.47859,-1.9086,8
TRAASFP128F42980BD,Pop|Electronic,Sevenoaks/ United Kingdom,51.27562,0.17898,8
TRAPDQG128F93018C0,Metal|Rock,Atlanta/ GA,33.74831,-84.39111,13
TRAHUQT128F4281228,Rock,Hanna/ Alberta/ Canada,49.26044,-123.11403,0
TRABXPR128F92F27FE,Rock,Ohsawa/ Ontario,43.72233,-90.59239,12
TRBHLDQ128F423EF10,Rock,Nashville / Los Angeles,42.33168,-83.04792,13
TRASWIV128E0788A84,Rock,Chicago/ IL,41.88415,-87.63241,12
TRACTHF128F4295A22,Country|Rock,Brownsville/ TX,25.89958,-97.49553,1
TRACTUH128F92C93A3,Rock,Brooklyn/ NY,40.65507,-73.94888,7
TRARQSD128F427E2AA,Rock,Seattle/ WA,47.60356,-122.32944,0
TRAHKMS128F934B09E,Rock|Metal,Los Angeles/ CA,34.05349,-118.24532,0
TRADQBK128F92E8B5F,Rock,Nashville/ TN,36.16778,-86.77836,13
TRAURRO128F1489B2C,Punk|Rock,Hermosa Beach/ CA,33.86404,-118.39535,0
TRBEFQB128F932138A,Folk|Pop,Dublin/ Ireland,53.34376,-6.24953,8
TRBHNUB12903CC2475,Rock,Mass. - Boston,42.31256,-71.08868,7
TRAGKTN128F933C68B,Rock,Toronto/ Ontario/ Canada,43.64856,-79.38533,7
TRAZYQF12903CE3DA5,Rock,Venus,27.10442,-81.33231,13
TRAECWI128F4226133,Rock,New York,40.71455,-74.00712,7
TRAWNOH128F4287513,Rock,Glasgow ,55.8578,-4.24251,8
TRAWOCY128F145B051,Pop|Rock,New York/ NY,40.71455,-74.00712,7
TRACUCQ128F92FFBF7,RnB,Ibadan/ Nigeria,7.37884,3.89527,6
TRANRGP128F1465737,Rock,Washington/ England,54.89814,-1.53179,8
TRASHSN12903CA9E34,RnB,Harlem/ New York,40.8079,-73.9454,7
TRAMEBP12903CD7EEA,Rock,New York/ NY,40.71455,-74.00712,7
TRAKBON128F9311039,Rock,London/ England,51.50632,-0.12714,8
TRBEIYU128F92E88A9,Country|Rock,Los Angeles/ CA,34.05349,-118.24532,0
TRAXQZA128F1463DEB,Rock,Heston/ Middlesex/ England,51.4855,-0.37196,8
TRBHOXV128F92FBB72,Country,Madisonville/ TN,35.52069,-84.36354,13
TRAAZQW128F93430DC,Folk|Rock,Vermillion/ SD,42.78668,-96.92803,12
TRAHIJE128F4243356,Rock,Ft. Lauderdale/ FLORIDA,26.12367,-80.14356,13
TRAIELD128F92DC682,Rock,Nashville/ Tennessee,36.16778,-86.77836,13
TRAUJTZ12903CF7BB4,Rock,Freehold/ NJ,40.23447,-74.29504,7
TRAFRYJ128F92E638B,Electronic|Rock,Cleveland/ OH,41.50471,-81.69074,13
TRAYWHE128F92E9D6A,Country,Atlanta/ GA,33.74831,-84.39111,13
TRBCWYJ128F93213A1,Pop|Folk,Dublin/ Ireland,53.34376,-6.24953,8
TRATRMZ128F42A9AAC,Rock,California - LA,34.05349,-118.24532,0
TRAMEDG128E07933F4,Rap|RnB,London,51.50632,-0.12714,8
TRBIGRY128F42597B3,RnB,Ibadan/ Nigeria,7.37884,3.89527,6
TRAREDZ12903CFB6E3,Pop,Sweden,62.19845,17.55142,4
TRAPOYU128F42644C3,Rock,New York,40.71455,-74.00712,7
TRAEVLO128F933DE9E,Reggae,New York/ NY,40.71455,-74.00712,7
TRAEFON128E078C6F8,Rock,Lincoln Park/ MI,42.25147,-83.18186,13
TRANULO128F422E6FE,Metal,Bogota/ COL,4.65637,-74.11779,9
TRAPMRB128E078E21E,Rap,London,51.50632,-0.12714,8
TRAKLEZ128F4270649,Folk|Pop,NY - New York City,40.71455,-74.00712,7
TRAFTCT128F425A900,Pop|Jazz,Newton-le-Willows/ Merseyside/ England,53.45644,-2.63265,8
TRAKXPE128F1462FF2,Country,Aiken/ SC,33.56173,-81.72239,13
TRBDNGV128F42895AE,Country,Madisonville/ TN,35.52069,-84.36354,13
TRBGPCC128F428FF02,Metal,Venice/ CA,34.05349,-118.24532,0
TRBFHRA128F424D28A,Blues|Rap,Chattanooga/ TN,35.04644,-85.30946,13
TRBAUVN128F932FEF8,Pop,Kentwood/ LA; Los Angeles/ CA,34.05349,-118.24532,0
TRAHBOV128F92EF77A,Rock|Punk,Mass. - Western,42.18419,-71.71818,7
TRAPDIO128F933C680,Rock,Toronto/ Ontario/ Canada,43.64856,-79.38533,7
TRBGHJG128F428ADB4,Rock,Orange County/ CA,33.6671,-117.76505,0
TRAKDCQ128F42A247A,Rap,Harlem/ New York/ NY,40.8079,-73.9454,7
TRAQPHD128F4226E5E,Rock,Ghent/ Belgium,51.05563,3.72856,8
TRBFLFI128F427F374,Rock,Austin/ TX,30.2676,-97.74298,1
TRBDFCT128F4285E05,Country,McMinnville/ TN,35.68094,-85.77449,13
TRBETVK128F4288B49,Rock|Blues,San Francisco/ CA,37.77916,-122.42005,0
TRAAABD128F429CF47,Rock|RnB,Memphis/ TN,35.14968,-90.04892,13
TRBBAKH128F92FA339,Rock,Anderson/ IN,40.10216,-85.67869,13
TRARJEK128F930B3AA,Blues,Dallas/ TX,32.77815,-96.7954,1
TRAUEYX12903CEAF48,Rock,Melbourne,-37.81753,144.96715,2
TRAZCOX128F42B6555,Rock,UK,54.31407,-2.23001,8
TRBCQLB128F9332CF4,Rock,Arizona,34.16788,-111.9307,0
TRBFIHG128F4289CF9,Rock,Anderson/ IN,40.10216,-85.67869,13
TRAAMES128F42AF068,Rock,Seattle/ WA,47.60356,-122.32944,0
TRADKAX128E0786B92,Rock,BA,-13.442,-41.9952,10
TRANWBG128F934AC15,Metal|Rock,Los Angeles/ CA,34.05349,-118.24532,0
TRAMVOM128F42ACB16,Electronic,London/ England,51.50632,-0.12714,8
TRAJDGB128F42882AC,Rap,Atlanta/ GA,33.74831,-84.39111,13
TRAQMNB12903CDD58F,Metal,Melbourne/ Australia,-37.81753,144.96715,2
TRAHCVT128F4282806,Rock,katy,29.78772,-95.82333,1
TRAEPGH128F9343CD8,Reggae,Buenos Aires.,-34.60852,-58.37354,10
TRAFMPX128F4246C49,Rock,Nueva Jersey (Estados Unidos),40.14323,-74.72671,7
TRACYCJ128F9309246,Pop,Kentwood/ LA; Los Angeles/ CA,34.05349,-118.24532,0
TRBIJMU12903CF892B,Rock|Metal,Portugal,39.55792,-7.84481,8
TRAUNPM12903CB7CCC,Rock|Pop,San Francisco/ CA,37.77916,-122.42005,0
TRAVRJA128F9329C4C,Rock,Seattle/ WA,47.60356,-122.32944,0
TRBGUUE128F1494FB6,Rock,London/ UK,51.50632,-0.12714,8
TRAYKTU128F934C82A,Rock|Metal,San Francisco Bay Area,37.87869,-121.94345,0
TRAADNA128F9331246,Blues,Dallas/ TX,32.77815,-96.7954,1
TRAGBOR128F92E1064,Rock|Metal,Norway,64.55653,12.66538,4
TRAAPIV128F1493132,Rock|Blues,Belfast/ Northern Ireland,54.5958,-5.93494,8
TRBBDXO128F14A4737,Pop,Dayton/ OH,39.75911,-84.19444,13
TRALPGW12903CAFFB5,Metal,Jacksonville/ FL,30.33138,-81.6558,13
TRAKVSG128EF34E609,Pop|Rock,France,46.71067,1.71819,8
TRAETAG128F93385AE,Rock|Pop,Paris/ France,48.85692,2.34121,8
TRAEZFJ128F422A5C0,Pop,Tokyo,35.67048,139.74092,14
TRBBYFJ128F42A22D4,Country,Galloway/ Panola County/ TX,32.20049,-94.35887,1
TRAVKGM12903CA66FB,Rock,Los Angeles/ CA,34.05349,-118.24532,0
TRAOKXG128F4232497,Rock|Country,Toronto/ Ontario/ Canada,43.64856,-79.38533,7
TRBDWRY128F427991E,Blues,Dallas/ TX,32.77815,-96.7954,1
TRAGSJQ128F149EF8D,Metal,Buffalo/ New York,42.88544,-78.87846,7
TRAIBXQ128F425E6A5,Rock,Nashville/ Tennessee,36.16778,-86.77836,13
TRAVANT128F92E3F71,RnB|Pop,New York/ New York,40.71455,-74.00712,7
TRACLHC128F9343C39,Rock|Reggae,New Hampshire,44.00118,-71.6342,7
TRACLRS12903CE9386,Country,Itawamba County/ MS,34.27611,-88.35068,13
TRBDCAB128F92F7EE4,Rock,Oxford/ England,51.7562,-1.25949,8
TRBFKHT128F427215E,Rock|Pop,New York/ NY [Manhattan],40.79086,-73.96644,7
TRAOMKV128F428CD51,Rap,Atlanta/ GA,33.74831,-84.39111,13
TRAFAAS12903CF0BE2,Rock|Metal,Portugal,39.55792,-7.84481,8
TRAROPS128F92F09A5,Country,Salina/ OK,36.2929,-95.15261,1
TRABNEX128F92C9DEA,Rock,Nashville/ Tennessee,36.16778,-86.77836,13
TRAJFQF128F92E354E,Rock|Blues,California - LA,34.05349,-118.24532,0
TRAIKSH128E07816DF,Rock,Wangaratta/ Victoria/ Australia,-36.35484,146.32611,2
TRBGRGT12903CC5019,Rock,Mass. - Boston,42.31256,-71.08868,7
TRALCCO12903CEBB97,Rock,Boston/ MA,42.31256,-71.08868,7
TRAJFFF128F429874A,Rock,NORTH FORT MYERS/ Florida,34.05349,-118.24532,0
TRAGGVS128F4250CE8,Rock|Metal,Athens/ Greece,37.97615,23.73641,4
TRBFSKB128F145C5B1,Rock|Pop,Louisville/ KY,38.25486,-85.7664,13
TRAPFXX128E0785EBA,RnB|Pop,New York/ New York,40.71455,-74.00712,7
TRAPVGB128F42725AF,Punk|Rock,Anderson/ IN,40.10216,-85.67869,13
TRAPAES128E0786E60,Pop|Rock,Florida,27.9758,-81.54106,13
TRBGRWH128F92E3551,Rock,California - LA,34.05349,-118.24532,0
TRAFTMA128F933A3D7,Latin|Reggae,Buenos Aires.,-34.60852,-58.37354,10
TRBCJIX128F424F99E,Electronic,Berlin/ Germany,52.51607,13.37698,4
TRAHYDH128F9325200,Rock,New Jersey,40.14323,-74.72671,7
TRANTAN128E078B326,Rock|Punk,Lincoln Park/ MI,42.25147,-83.18186,13
TRAXOQD12903CDD59D,Metal,Melbourne/ Australia,-37.81753,144.96715,2
TRANDEK128F4259EBC,Punk,London/ England,51.52328,-0.21346,8
TRAXIYW12903CB4343,Metal,New Orleans/ LA,29.95369,-90.07771,1
TRAPQBU128F934C32D,Metal,Dublin/ Ireland,53.34376,-6.24953,8
TRAYYKO128F92E133B,Rock,California - SF,37.77916,-122.42005,0
TRATQUI128F9347C68,Rock,Brighton/ MA,42.3519,-71.14566,7
TRBAJRL128F1482E66,Rock|Punk,Jacksonville/ FL,30.33138,-81.6558,13
TRBHKCL128F425A036,Pop,London/ England,51.50632,-0.12714,8
TRBBOUN128F425A4E6,Pop|Rock,Newton-le-Willows/ Merseyside/ England,53.45644,-2.63265,8
TRAOHNR128F428CD58,Rap,Atlanta/ GA,33.74831,-84.39111,13
TRAMNJB128F92EFDC7,Rock|Pop,Finland,64.95014,26.06739,4
TRADFJJ128F934857E,Rock|Punk,Bay Area/ CA,37.87869,-121.94345,0
TRACNXS128F93395BA,Rock,Nottingham/ England,52.94922,-1.14392,8
TRBICVB128F9326B65,Rock,Campbell/ CA,37.28848,-121.94486,0
TRBEBWG128F93214A4,Pop|RnB,New York/ New York,40.71455,-74.00712,7
TRAQTYT12903D134AC,Country,Beaumont/ TX,30.08615,-94.10158,1
TRACWBO128F92F322F,Blues,Dallas/ TX,32.77815,-96.7954,1
TRAFMIA128F92E2B2B,Rock,Detroit/ MI,42.33168,-83.04792,13
TRBCJRW12903CD02BC,Country|Folk,Durham/ NC,35.99527,-78.89601,13
TRAMBFD128EF34B848,Rap,New York/ NY [Washington Heights],40.8448,-73.93585,7
TRAMMFP12903CB59C2,Blues,Couchman/ TX,31.1689,-100.07715,1
TRBENZL128F1455ECA,Country,Fort Worth/ TX,32.74863,-97.32925,1
TRBDTZX128F92DFA66,Rock,Nashville/ TN,36.16778,-86.77836,13
TRAKARY128F427253E,Rock,Anderson/ IN,40.10216,-85.67869,13
TRAWTUV128F426DD46,Rock|Pop,Manchester/ England,53.4796,-2.24881,8
TRBDVJF128E078894B,Rock,Chicago/ IL,41.88415,-87.63241,12
TRAGAVF128F424829B,Country,Robbinsville/ NC,35.32689,-83.80489,13
TRANREH128F93462CF,Rap,Philadelphia/ PA,39.95227,-75.16237,7
TRAYXZX128F930F022,Pop,Mexico City/ Mexico,19.4319,-99.13285,1
TRAEOUE128F93187B9,Rock,Sydney/ Australia,34.05349,-118.24532,0
TRARPCK128F92FEA7F,Rock,Brooklyn/ NY,40.65507,-73.94888,7
TRAECBR128F429F8C0,Pop,Kentwood/ LA; Los Angeles/ CA,34.05349,-118.24532,0
TRAOZEJ128F428CCEA,Rap,Atlanta/ GA,33.74831,-84.39111,13
TRAQTBF12903CCC1B7,Punk,England,52.88356,-1.97406,8
TRARFXI128F1468CE3,Blues,Leona/ Texas,31.15509,-95.96653,1
TRADMFK12903CC2478,Rock,Mass. - Boston,42.31256,-71.08868,7
TRADVSU128E0786371,Folk,NY - New York City,40.71455,-74.00712,7
TRABXLH128F935F8E7,Pop,Blythesville/ AR,34.7519,-92.13055,1
TRAGMXK128F9305A50,Latin|Rock,Buenos Aires,-34.60852,-58.37354,10
TRAVWZA128F931F36E,Rock,Kingston/ Ontario/ Canada,44.23153,-76.47933,7
TRAYOQI128F92F0967,Metal,Boston/ Brooklyn USA,40.65507,-73.94888,7
TRAMTIH128F933E8E4,Rock,Walker-on-Tyne/ England,54.97938,-1.54508,8
TRBBXMC128F422C330,Rock,Walker-on-Tyne/ England,54.97938,-1.54508,8
TRADAFY128F145B77B,Jazz|Pop,Sch�erg/ Germany,50.82607,7.28021,8
TRAOMMU128F933878B,Blues,Greenwood/ MS,33.51711,-90.18043,1
TRAYESZ128F1458FAE,Rock,London/ England,51.50632,-0.12714,8
TRBCTBG128F42B7E1B,Rock,Cork City/ Ireland,51.89834,-8.47277,8
TRAOMDT12903CF73C3,Pop,Canada,56.95468,-98.30897,12
TRAQYZI128F4273CF3,Rock,Birmingham/ England,52.47859,-1.9086,8
TRBGJDW128F4292EDB,RnB,Harlem/ New York,40.8079,-73.9454,7
TRAYDJL128F145F261,Rock,Detroit/ MI,42.33168,-83.04792,13
TRAAQBF12903CF796B,Rock,NY - New York City,40.71455,-74.00712,7
TRAAENC128F1451DE9,Rock,Egremont/ Cumbria/ England,54.48303,-3.53444,8
TRAHKRO128F9320EA7,Rock,Kingston/ Ontario/ Canada,44.23153,-76.47933,7
TRAHVUK128F1456988,Rap,Philadelphia/ Pennsylvania/ U.S.,39.95227,-75.16237,7
TRADYQK128F42A762A,Rock,UK,54.31407,-2.23001,8
TRAAGPF12903CE027E,Country,Tampa/ FL,27.94653,-82.45927,13
TRAWTKK128F92C25D0,Rock,Nashville/ Tennessee,36.16778,-86.77836,13
TRASQIB128F426693D,Pop,The Bronx  New York,40.8527855,-73.8390537935,7
TRANRIK128F148C860,Rap,St. Joseph  MO,39.7686055,-94.8466321,12
TRAZOSB128F9302A07,Rock|Pop,Los Angeles  CA,34.0543942,-118.2439408,0
TRAZDPO128E078ECE6,Rock,Boston  MA,42.3604823,-71.0595677,7
TRBAFBU128F427EFCE,Rock,London  England,51.5073219,-0.1276473,8
TRBDAVU128F423814A,Rock,Sayreville  NJ,40.4592726,-74.3609821,7
TRATCDG128F932B4D2,Rock,Seattle  Washington,47.6038321,-122.3300623,0
TRATOHC128EF3460DA,Rock,Borlänge,60.4856426,15.4234561,4
TRBFEIX128F426A5F8,Rock,Newcastle,54.9770924,-1.6142058,8
TRAPGOC128F932F01A,Reggae,West London  England,51.5110498,-0.1437339,8
TRBFJGB128F42612B1,RnB|Pop,Houston  TX,29.675779,-95.4021585102,1
TRAEOOH128F934ACD4,Metal|Rock,Antarctica,-82.1081819,34.378236,3
TRAYUCR128E078EE0F,Rock,London  England,51.5073219,-0.1276473,8
TRASIKP128F423EED7,Electronic,London  England,51.5073219,-0.1276473,8
TRAKORW128F1484DF0,Pop|RnB,Los Angeles   New York,34.0143928,-117.8984509,0
TRAMLZC128F92F3EB9,Rock,New York NY,40.7305991,-73.9865811,7
TRASIWA12903CFFC4D,Reggae,St. Mary's  Jamaica,18.0247003,-76.82161165,9
TRAILUH128E0784D6D,RnB|Rock,St. Louis  MO,38.6272733,-90.1978888,12
TRASXHB128F933D3BD,Rock|Reggae,Boston  MA,42.3604823,-71.0595677,7
TRAESJK128E0792227,Rap,St. Joseph  MO,39.7686055,-94.8466321,12
TRAJOIH128F14B08F7,Rock,ITALY,42.6384261,12.674297,4
TRAAHEG128E07861C3,Rap,Newark  NJ,40.735657,-74.1723666,7
TRAEGGV128F92F29B2,Rock,GERMANY,51.0834196,10.4234469,4
TRBBKLD128F424ABF5,Metal,Louisiana,30.8703881,-92.0071259,1
TRAGBHV128F4295074,Rock|Punk,Miami  Florida,25.7742658,-80.1936588,13
TRBBJFO12903D074EE,Rap,Los Angeles  CA,34.0543942,-118.2439408,0
TRBIHAU128F425C317,Rock,Amherst  MA,42.3803676,-72.5231429,7
TRAJXNB128F4261F43,Rock,Carle Place  New York,40.7526008,-73.6104057,7
TRAINYU128F4246BD1,Rock|Metal,Oxford  England,51.752225,-1.2583027,8
TRAATNJ128F42631BA,Metal|Rock,Bakersfield  CA,35.3738712,-119.0194638,0
TRAEUIW12903D018F0,Rock,Galveston  TX,29.299328,-94.7945881,1
TRBCYOI128F1455566,Rap,New York  NY,40.7305991,-73.9865811,7
TRARDJY128F14750EA,Rock,Los Angeles  CA,34.0543942,-118.2439408,0
TRANVZT128F42AE134,Country,Austin  TX,30.2711286,-97.7436994,1
TRAWOHD128F148D176,Rock|Pop,Chicago  IL,41.8755546,-87.6244211,12
TRAVELY128F42606F8,Rap,Queens  NY,40.6524927,-73.7914213158,7
TRBCGRI128F93355E9,Rock,Glasgow  Scotland,55.856656,-4.2435816,8
TRBGWEG12903CFF7EE,Pop,Virginia,37.1232245,-78.492772,7
TRAVCNA128F930975C,Metal|Rock,Sweden,59.6749712,14.5208584,4
TRAUOPA128F93537F2,Folk|Rock,Syracuse  NY,43.0481221,-76.1474243,7
TRAPASL128F422BC00,Rock,Providence  RI,51.4325529,-2.6640438,8
TRAGJQL128E078E840,Country,Timmins  Ontario  Canada,48.4759183,-81.3351617,7
TRATGTP128F427021D,Rock,Brooklyn  NY,40.6501038,-73.9495822,7
TRAGDPS128F145F8EE,Rock,Los Angeles  CA,34.0543942,-118.2439408,0
TRAAMPA128F92E7D0D,Punk,Los Angeles  CA,34.0543942,-118.2439408,0
TRAFMME128F932B4D5,Rock,Seattle  Washington,47.6038321,-122.3300623,0
TRAHFHR12903CCCAF8,Rock,New York NY,40.7305991,-73.9865811,7
TRBHCXR128F92E7D0E,Punk,Los Angeles  CA,34.0543942,-118.2439408,0
TRAWIJG128F42B502C,Country,Timmins  Ontario  Canada,48.4759183,-81.3351617,7
TRAXWDS12903CEE35E,Rock,Sydney  Australia,-33.8548156,151.2164539,2
TRAPVYD12903CE0269,Rock|Metal,NORWAY,64.574131,11.5270102892,4
TRAHMIV128F14693DC,Rock,United Kingdom,54.7023545,-3.2765752,8
TRBDIOP128EF35F99C,Rock,Los Angeles  CA,34.0543942,-118.2439408,0
TRAEVRU128F4263351,RnB|Rock,Santa Monica  CA,34.0195598,-118.4869738,0
TRAJPPX128F4259FD4,Rock,London  England,51.5073219,-0.1276473,8
TRBHHUC128F4294C6F,Rock|Folk,CANADA - Ontario,50.0000002,-86.0,12
TRAKGDZ12903CE4867,Rock|Metal,LONG BEACH  California,33.7774658,-118.188487,0
TRBGCLK128F4237A50,Pop,Chiswick  London  England,51.4923137,-0.2638179,8
TRACBWX128F92FD725,Electronic,Edmonton  Alberta  Canada,53.5343609,-113.5065084,0
TRAZVFJ128F9310CE2,Rock,Oxford  UK,51.752225,-1.2583027,8
TRACMHD128F931FB14,Metal|Rock,Helsinki  Finland,60.1666277,24.9435079,4
TRAFWRG128F4295089,Rock|Punk,Miami  Florida,25.7742658,-80.1936588,13
TRALMTD128E07862AC,Rap,Newark  NJ,40.735657,-74.1723666,7
TRBDTNY128F9327A10,Rock,England,52.7954791,-0.540240236617,8
TRAHCRI128F4255C6E,Country,Paw Paw  WV,39.5321154,-78.4567384,7
TRAUODU128F9307467,Rock,Charlottesville  VA,38.029306,-78.476678,7
TRABRMJ128E0780E42,Pop|Rock,Poway  CA,32.9628234,-117.0358645,0
TRAPRQZ128F427E188,Rock,Calcutta  India,22.5677459,88.3476023,11
TRBHKKJ128F427A3B1,Rap|Rock,Croix-des-Bouquets   Haiti,18.5775444,-72.2296218,9
TRBDDKF128F426BF7B,Rock|Folk,PHILADELPHIA  Pennsylvania,39.9523993,-75.1635898,7
TRAPESV128F92FE5E9,Country,Shelby  North Carolina,35.2923513,-81.5356462,13
TRBAHBP128F42985D6,Rock|Punk,New Jersey,40.0757384,-74.4041621,7
TRAJFRJ128F9328FF1,Blues,Memphis  Tennessee,35.1490215,-90.0516284,13
TRAOJEW128F4294CBD,Rap|Rock,Mogadishu  Somalia,2.0427779,45.3385636,5
TRAATIU128F4291A84,Metal,Atlanta  GA,33.7490987,-84.3901848,13
TRBFUMI128F42B5731,Rock,New York  NY,40.7305991,-73.9865811,7
TRBAHID128F4278EAF,Pop,Barranquilla  Colombia,11.04667645,-74.8490503668,9
TRAQGNV128C7196894,Rock,Poway  CA,32.9628234,-117.0358645,0
TRBAYER128F933D3B7,Rock|Reggae,Boston  MA,42.3604823,-71.0595677,7
TRAGWTT128F148CF2C,Rock,Gainesville  FL,29.67360855,-82.3234140624,13
TRBCANP128F92FA6B9,Pop|Rock,New York  NY,40.7305991,-73.9865811,7
TRAMIUD128E07825DB,Rock,Richmond VA,-32.8660751,151.499496964,2
TRAZWDT128F4241B14,Country|Rock,Quantico  VA,38.5228755,-77.2901862045,7
TRAZVZJ128F92EF28A,Punk|Rock,San Francisco  CA,37.7792808,-122.4192362,0
TRAQKPR128F427DDF8,Rock|Pop,Centre,47.5490251,1.7324062,8
TRAGYDZ12903D0957F,Rock,Seattle  WA,47.6038321,-122.3300623,0
TRADXCF128EF357134,Rock,Dundee  Scotland,56.4593653,-2.9735212,8
TRANCSE128F93044F1,Latin,Barranquilla  Colombia,11.04667645,-74.8490503668,9
TRAEFDK128F1473B92,RnB,United States,39.7837304,-100.4458824,1
TRAOYHS128F427EF8B,Rock,Sacramento  CA,38.5815719,-121.4943995,0
TRAOEAQ12903CC26BD,Rock,Long Island  NY,40.8517821,-73.099185269,7
TRANIJQ128F4298A10,Rock,New York  NY,40.7305991,-73.9865811,7
TRBBILZ12903CB422C,Rock|Punk,San Francisco  CA,37.7792808,-122.4192362,0
TRBHBGB128F931E4CF,Rock,Philadelphia  Pennsylvania,39.9523993,-75.1635898,7
TRACSIE128F427F98E,Pop|Latin,The Bronx  New York,40.8527855,-73.8390537935,7
TRAEWLF128F42B1F89,Pop|Electronic,Minneapolis  MN,44.9772995,-93.2654691,12
TRAWDWZ128F9340E55,RnB,Fairfax  California,37.9871455,-122.5888685,0
TRALJBT128F4266FD8,RnB|Pop,The Bronx  New York,40.8527855,-73.8390537935,7
TRBAXDP12903CD1922,Rock,Ukiah  CA,39.1501662,-123.207786,0
TRAEVRI128F93608F3,Pop|Rock,Chiswick  London  England,51.4923137,-0.2638179,8
TRACRON12903CB59E6,Rock|Punk,Columbus  OH,39.9622601,-83.0007064,13
TRBFJPO128F4295BE3,Latin,Barranquilla  Colombia,11.04667645,-74.8490503668,9
TRAJZCH128F933D2B7,Reggae,Boston  MA,42.3604823,-71.0595677,7
TRAVUAJ128E078EDA2,Rock,Boston  MA,42.3604823,-71.0595677,7
TRBBMPH128F1469775,Rock,United Kingdom,54.7023545,-3.2765752,8
TRBGIDU128F4241A2E,Rock|Metal,Seattle  WA,47.6038321,-122.3300623,0
TRAQDZZ128F42AF66A,Rap,Memphis  TN,35.1490215,-90.0516284,13
TRAZCSY128F42683F2,Rock,California - LA,36.7014631,-118.7559973,0
TRANCCN128E0794B18,Rock,Los Angeles  CA,34.0543942,-118.2439408,0
TRAOWBP128F4257C64,Rock,Galveston  TX,29.299328,-94.7945881,1
TRAETTV12903CBBD09,Blues,Seattle  USA,47.6038321,-122.3300623,0
TRAASQC128F93480F0,Punk|Rock,Chicago,41.8755546,-87.6244211,12
TRASYIH12903D08529,Pop|Rock,Los Angeles,34.0543942,-118.2439408,0
TRBEKGR128F425DA44,Rock,Los Angeles  CA,34.0543942,-118.2439408,0
TRARMHA128F92E7D32,Punk,Los Angeles  CA,34.0543942,-118.2439408,0
TRABJWA128F9309C09,Rock,Helsinki  Finland,60.1666277,24.9435079,4
TRARHCB128F148D1B0,Rock|Punk,New Jersey,40.0757384,-74.4041621,7
TRANIVG128F1484DED,RnB|Pop,Los Angeles   New York,34.0143928,-117.8984509,0
TRAQITZ128F4265E0E,Country,Kingsland  AR,33.8584369,-92.2940371,1
TRBCSDW128F424D686,Pop|Electronic,Maine,45.709097,-68.85902,7
TRBHJJP128F145EA12,Country,San Antonio  TX,29.4246002,-98.4951404,1
TRAFJVH128F42BC25E,Rap,Compton CA,33.8948824,-118.2260433,0
TRBEUKI128F9318306,Blues,Teoc  MS,33.5792862,-90.0553621,1
TRAKQXJ128F147A028,Rock,Ukiah  CA,39.1501662,-123.207786,0
TRACUCT128F422BC2F,Rock,Denver  CO,39.7348381,-104.965327,1
TRAGALM128F4236C86,Rap,Japan,36.5748441,139.2394179,14
TRARSZV12903CDB2DE,Blues,Hudsonville  MS,34.8612054,-89.375075,13
TRBACUF128F4247F8C,RnB,Minneapolis  MN,44.9772995,-93.2654691,12
TRBBVNR128E078E1E4,Rap,Los Angeles  CA,34.0543942,-118.2439408,0
TRAMKKJ128F1463612,Reggae,NY - Long Island,40.8517821,-73.099185269,7
TRAVKJJ128F424DA32,Pop|Jazz,Chicago  IL,41.8755546,-87.6244211,12
TRAMARM128E0796A50,Rock,Stillwater  OK,36.1156306,-97.0585716,1
TRAJIUK128F42668E6,Rock,Wisconsin,44.4308975,-89.6884636,12
TRAFZHK128F145E86B,Rock,Wilkes Barre  PA,41.2464824,-75.8817315,7
TRBDYIC128F92F1D17,Rap,Detroit MI,42.3486635,-83.0567374,13
TRAVRPL128F145E874,Rock,Wilkes Barre  PA,41.2464824,-75.8817315,7
TRAZEYQ12903C9D099,Blues,Beaumont  Texas,30.0860459,-94.101846,1
TRAYABW128F4235888,Punk,Berkeley  CA,37.8708393,-122.2728638,0
TRAAAEF128F4273421,Rock,London  England,51.5073219,-0.1276473,8
TRAWEIX128F14B0F05,Rap,Mt. Vernon  NY,40.9125992,-73.8370785,7
TRAVPHL128F424EAE1,Rock,Escatawpa  MS,30.49112175,-88.5513368812,13
TRAWHZK12903CB5A01,Rock|Punk,Columbus  OH,39.9622601,-83.0007064,13
TRABZRZ128F42628AD,Rock|Blues,London  England,51.5073219,-0.1276473,8
TRABYEY128F933773A,Punk,Pittsburgh  PA,40.4416941,-79.990086,7
TRAUXSO128F42B863C,Rock,Newcastle,54.9770924,-1.6142058,8
TRBFSNP128F14572B5,Rock|Metal,California - LA,36.7014631,-118.7559973,0
TRANMOT128F92EFF19,Country,Cross Lane  WV,39.180181,-81.7331799,13
TRBBJAJ128F425DA40,Rock,Los Angeles  CA,34.0543942,-118.2439408,0
TRAYQKQ128F1491182,Rap,London  England,51.5073219,-0.1276473,8
TRAEMNZ128F9334662,Rock,Boston  MA,42.3604823,-71.0595677,7
TRAUCZX128F149D9AE,Country,Vidor  TX,30.1316001,-94.0154541,1
TRANRFB128F1481F1E,Rock,Batley  England,53.716564,-1.6363855,8
TRACFZI128E0795424,Rock,California,36.7014631,-118.7559973,0
TRABOXX128F92F29EB,Pop|Electronic,Minnesota,45.9896587,-94.6113287,12
TRABVWG128F9359323,Rock,Los Angeles  California,34.0543942,-118.2439408,0
TRAYGHE12903CD213E,Electronic,Braintree  Essex  England,51.8790108,0.5501584,8
TRAXPHE128F92F4100,Blues,Middlesbrough  England,54.5760419,-1.2344046,8
TRABJIX128C7196953,RnB,London,51.5073219,-0.1276473,8
TRAPTRH128F4271659,Blues,Beaumont  Texas,30.0860459,-94.101846,1
TRARIZK128F92FF27A,Rock,Garnant  Wales,51.7953874,-3.8911244,8
TRBEYJR128F4292651,RnB,Severn  MD,39.1278864,-76.6869127,7
TRAQEOP12903CA65E2,Pop|Latin,Barranquilla  Colombia,11.04667645,-74.8490503668,9
TRBALIJ128F14884B5,Rock,Muskegon  MI,43.2341813,-86.248392,12
TRAFRKU128F933CE16,Rock,Atlanta  GA,33.7490987,-84.3901848,13
TRARJPL128F931C7D2,Rock,Salt Lake City  UT,40.7670126,-111.8904307,0
TRAQQHJ128F9345DC3,Rock|Punk,Chicago,41.8755546,-87.6244211,12
TRACHKX128F934B07A,Electronic,Stockholm,59.3251172,18.0710935,4
TRBHKKK128F427E9FF,Rock,Escatawpa  MS,30.49112175,-88.5513368812,13
TRAKOEB128F1478783,Rock,Chicago,41.8755546,-87.6244211,12
TRAWRHQ128F1495E6B,Jazz,Niteroi  Brazil,-22.883237,-43.1154551,10
TRAQEUQ128F425282E,Metal,POLAND,52.0977181,19.0258159,4
TRALNOD128F4264AEB,RnB|Rock,Santa Monica  CA,34.0195598,-118.4869738,0
TRAMFFW128F4263AD7,Pop|Rock,London  England,51.5073219,-0.1276473,8
TRAHORF12903CDA9FB,Pop,Corte Madera CA,37.9254806,-122.5274754,0
TRARKGW128F92EB8F9,Rock,NL,26.1630556,94.5884911,11
TRAPAZE128F4233355,Punk,Pittsburgh  PA,40.4416941,-79.990086,7
TRANRWM128F42873F9,Rock,Tempe  AZ,33.4144139,-111.9094473,0
TRADGXI128F92EF28F,Punk|Rock,San Francisco  CA,37.7792808,-122.4192362,0
TRAPLMD128F932FF43,Rock|Metal,Los Angeles  CA,34.0543942,-118.2439408,0
TRAASUZ128F9314950,Metal|Rock,Bakersfield  CA,35.3738712,-119.0194638,0
TRATJSR128F4266791,RnB|Pop,The Bronx  New York,40.8527855,-73.8390537935,7
TRARANL128F1478789,Rock,Chicago,41.8755546,-87.6244211,12
TRBFVZI128F147FCAF,Pop,Chiswick  London  England,51.4923137,-0.2638179,8
TRAYJHF128F4294CB8,Rap,Mogadishu  Somalia,2.0427779,45.3385636,5
TRAIPST128F9302AE9,Rap,St. Joseph  MO,39.7686055,-94.8466321,12
TRAZXDC128F429874E,Reggae|Pop,Kingston  Jamaica,17.9712148,-76.7928127,9
TRAMBBV128F9337714,Punk,Pittsburgh  PA,40.4416941,-79.990086,7
TRAAPPQ128F14961F5,Rock,Athens  GA,33.9595974,-83.3766779,13
TRAWLGG128F42884CA,RnB,Atlanta  GA,33.7490987,-84.3901848,13
TRAHCHN128F4276D58,World|Rock,Arles  France,43.6776223,4.6309653,8
TRBFBUO128F42A3DED,Rock,Eskilstuna  Sweden,59.3717379,16.5051474,4
TRAYKOC128F930D2B8,Rock,Boston  MA,42.3604823,-71.0595677,7
TRAUVUF128F148D1AA,Punk,New Jersey,40.0757384,-74.4041621,7
TRAWTGS128F14569A8,Rock|Pop,London  England,51.5073219,-0.1276473,8
TRBFBOG128F9356C6E,Rap,allentown Pennsylvania USA,40.6022059,-75.4712793,7
TRAAXUY128F426BA55,Rock,Los Angeles  CA,34.0543942,-118.2439408,0
TRABHVL128F92EFB0E,Metal,Bridgend  South Wales  UK,51.4968369,-3.5658028,8
TRAWDLK128EF342E1E,Rap,Newark  NJ,40.735657,-74.1723666,7
TRAEXHW128F92E2602,Rock|Rap,Geneva  NY,42.8689552,-76.9777435,7
TRADAYS12903CDBE0F,Blues|Rock,Greenwood  MS,39.60903665,-86.1070449882,13
TRBFRZX128F9341EAE,Rap,East Flatbush  Brooklyn  NY,40.6537148,-73.930415,7
TRAWSXV128F4273E35,Rap,Queensbridge  NY,40.75514545,-73.9449784413,7
TRACCVZ128F4291A8A,Metal,Atlanta  GA,33.7490987,-84.3901848,13
TRBFWSP128F92F29B4,Rock,GERMANY,51.0834196,10.4234469,4
TRAQOXO128F42636BD,Rock,London  England,51.5073219,-0.1276473,8
TRADODV128F4283EB6,Rap,Queensbridge  NY,40.75514545,-73.9449784413,7
TRAWGLP128F92DE5AD,Pop,LOS ANGELES  California,34.0543942,-118.2439408,0
TRARIRG128F147FC96,Pop,Chiswick  London  England,51.4923137,-0.2638179,8
TRAGHBP128E0793AF7,Rock,London  England,51.5073219,-0.1276473,8
TRAXWQU128F42716E2,Rock,Seymour  IN,38.9592201,-85.8902546,13
TRANCOS128F4267DFB,Rock,Borlänge,60.4856426,15.4234561,4
TRBADGN128F42AA534,Latin,Cádiz,36.5298292,-6.2925678,8
TRAXJHG128F427EA02,Rock,Escatawpa  MS,30.49112175,-88.5513368812,13
TRBCCAJ128F148CBBB,Rap,allentown Pennsylvania USA,40.6022059,-75.4712793,7
TRATZQS128F1467D4B,Rock,Georgia,32.3293809,-83.1137365,13
TRAAIAE128F42AC53D,Country,Medicine Lodge  KS,37.2811339,-98.5803609,1
TRABXVE128F4284AFC,Folk,Forest Hills  Queens  New York City  NY  USA,40.7232458,-73.8466131103,7
TRBGMJF128F425E8EA,Rock,Los Angeles  CA,34.0543942,-118.2439408,0
TRAWVNL128F9327983,Rock,England,52.7954791,-0.540240236617,8
TRAPJPD128F14572B3,Rock,California - LA,36.7014631,-118.7559973,0
TRAGJPA128F92F9665,Rock,Dublin  Ireland,53.3497645,-6.2602731,8
TRANZIL128F42A2670,Country,Locust Ridge  TN,35.6561818,-86.2952707,13
TRBAHEH128F9327D39,RnB|Reggae,Croix-des-Bouquets   Haiti,18.5775444,-72.2296218,9
TRAKYWY128F9310CF4,Rock,Oxford  UK,51.752225,-1.2583027,8
TRBAWKB128F931BAEE,Pop|Electronic,Minnesota,45.9896587,-94.6113287,12
TRBCNWM128F92D50EC,Rap,Queens  NY,40.6524927,-73.7914213158,7
TRAVLWL128F424EF6A,Rock,Stillwater  OK,36.1156306,-97.0585716,1
TRAEHXW128F146F3C5,Country,Houston  TX,29.675779,-95.4021585102,1
TRAQLOD128F145EC9D,Latin|Pop,Madrid  Spain,40.4167047,-3.7035824,8
TRADKDX128F9320676,Rock,Seattle  WA,47.6038321,-122.3300623,0
TRACRTS128F9300F7E,Punk|Rock,Washington  D.C.,38.8949549,-77.0366455,7
TRALRTY128F428BE43,RnB,Atlanta  GA,33.7490987,-84.3901848,13
TRAXDAH128F422BBFC,Rock,Providence  RI,51.4325529,-2.6640438,8
TRAGNBQ128F149CB93,Rock,Wilmette  IL,42.0770909,-87.7238935,12
TRASDGG128F933EDE2,Punk|Rock,Pittsburgh  PA,40.4416941,-79.990086,7
TRBAIKM12903CBCF21,Blues|Rock,Regina  Saskatchewan  Canada,50.4480951,-104.615818,12
TRBETHV128F429722F,Pop|Latin,Cádiz,36.5298292,-6.2925678,8
TRAKCFG128F149D9B7,Country,Vidor  TX,30.1316001,-94.0154541,1
TRAZVYP128F1459AD9,Pop,London  England,51.5073219,-0.1276473,8
TRAKMUO128F4215890,Latin|Pop,Madrid  Spain,40.4167047,-3.7035824,8
TRAPNII12903CEA4F8,Rock,England,52.7954791,-0.540240236617,8
TRBCJUF128F93190C2,Pop,LDN,50.10649545,14.4009095531,4
TRAZLLR128F42A8DCC,RnB,United States,39.7837304,-100.4458824,1
TRBHEBY128F148CF2B,Rock,Gainesville  FL,29.67360855,-82.3234140624,13
TRAWKPT128E0795428,Rock,California,36.7014631,-118.7559973,0
TRAUYZG12903CDA4E9,Rock,Sayreville  NJ,40.4592726,-74.3609821,7
TRBGZLM128F4221E63,Rock|Punk,Gainesville  FL,29.67360855,-82.3234140624,13
TRBFIAK128E07823AA,Rock,Wales,52.2928116,-3.7389299,8
TRAKXMS12903CB36F2,Rock,Charlottesville  VA,38.029306,-78.476678,7
TRADRNN128F92F7172,Rap|Rock,Chicago  IL,41.8755546,-87.6244211,12
TRATAIB128F92E81CB,Rock,Santa Barbara,34.4098107,-119.6970238,0
TRBFNBC12903CA9800,Rock,Atlanta  GA,33.7490987,-84.3901848,13
TRAFUWI128F934C730,Metal,Antarctica,-82.1081819,34.378236,3
TRAOSFC128F42618F6,Jazz,New Orleans  LA,29.9499323,-90.0701155,1
TRANLJA128F42A5379,Country,Locust Ridge  TN,35.6561818,-86.2952707,13
TRAMRFE128F4267DF3,Rock,Borlänge,60.4856426,15.4234561,4
TRANWOF12903CB3E19,Electronic,Los Angeles  CA,34.0543942,-118.2439408,0
TRBGHND128E079438C,Rock,New York  NY,40.7305991,-73.9865811,7
TRAQEOG128F9353981,Folk,Syracuse  NY,43.0481221,-76.1474243,7
TRAIBXJ128F4260700,Rap,Queens  NY,40.6524927,-73.7914213158,7
TRAMFRD128E07833DA,Country,Locust Ridge  TN,35.6561818,-86.2952707,13
TRARIIY128F147187D,Rock,New York  NY,40.7305991,-73.9865811,7
TRAGPAF128EF34542A,Rock|Punk,Long Island  NY,40.8517821,-73.099185269,7
TRBBVSO128F9341C12,Country,Medicine Lodge  KS,37.2811339,-98.5803609,1
TRALDUE128F9312AF2,Blues|Rock,Dundee  Scotland,56.4593653,-2.9735212,8
TRAPJFL128F42AA7B4,Rock,Seattle  WA,47.6038321,-122.3300623,0
TRASAIH128F931F567,Rock,Orange  CA,33.7500378,-117.870493,0
TRAQVOG128F9340E58,RnB,Fairfax  California,37.9871455,-122.5888685,0
TRAJNWY128E078907F,Electronic,Melbourne  Australia,-37.8142175,144.9631608,2
TRAPQNA128F93000EB,Country,Gore  VA,39.2639911,-78.3319493,7
TRAKXIR128F92CF85A,Country,Cleveland  TN,35.1595182,-84.8766114,13
TRASLHI128EF343C84,Rock,London  England,51.5073219,-0.1276473,8
TRBCUPT128F1462B73,Rock,Orange  CA,33.7500378,-117.870493,0
TRBBGQN128F9310CBE,Rock,Oxford  UK,51.752225,-1.2583027,8
TRAFLZY128F148959F,Rock,New Jersey,40.0757384,-74.4041621,7
TRAHXGG128F9350452,Rock,Bakersfield  CA,35.3738712,-119.0194638,0
TRAROQC128F4273979,Latin,Barranquilla  Colombia,11.04667645,-74.8490503668,9
TRATTNI128E0799697,Country,Nashville  TN,36.1622296,-86.774353,13
TRANBMY128F426416A,Metal|Rock,Queens  NY,40.6524927,-73.7914213158,7
TRAVMXD12903CBBD0B,Rock|Blues,Seattle  USA,47.6038321,-122.3300623,0
TRBHIJC128F92E55E2,Blues,Greenwood  MS,39.60903665,-86.1070449882,13
TRBHAAK128F92E27BF,Rap,Croix-des-Bouquets   Haiti,18.5775444,-72.2296218,9
TRATDDF128F4294E6A,Rock,Eskilstuna  Sweden,59.3717379,16.5051474,4
TRBAAOT128F4261A18,Jazz|Rock,Sayreville  NJ,40.4592726,-74.3609821,7
TRAZACV128F426983D,Pop|Rock,Glasgow  Scotland,55.856656,-4.2435816,8
TRAFBVU128F426B3F6,Rock|Metal,Oslo  Norway,59.9132694,10.7391112,4
TRBCPXR128F42AC544,Country,Medicine Lodge  KS,37.2811339,-98.5803609,1
TRASCWR12903CCC575,Blues|Rock,Seattle  USA,47.6038321,-122.3300623,0
TRBBEGG128F9314BAA,Country,Medicine Lodge  KS,37.2811339,-98.5803609,1
TRBGBGO128F4264203,Rock,Wisconsin,44.4308975,-89.6884636,12
TRBHQHN128F148A1B3,Rock,Amherst  MA,42.3803676,-72.5231429,7
TRBBVBM128F4276D82,Rock,Glasgow  Scotland,55.856656,-4.2435816,8
TRBIAVU128EF3493BA,Country,Paw Paw  WV,39.5321154,-78.4567384,7
TRATDLH128F93384B0,Pop,LDN,50.10649545,14.4009095531,4
TRABBXU128F92FEF48,Pop|Rock,Hamtramck  MI,42.3928151,-83.0496437,13
TRAUNEL128F1467D5C,Rock,Georgia,32.3293809,-83.1137365,13
TRAIWZZ128F9306AFF,Rock|Metal,Bakersfield  CA,35.3738712,-119.0194638,0
TRARVZG128F1497359,Rap,BAKERSFIELD  California,35.3738712,-119.0194638,0
TRBBYDT128F14805B4,Rock,Chiswick  London  England,51.4923137,-0.2638179,8
TRBDLLL128F9331D6E,Rap,St. Louis  MO,38.6272733,-90.1978888,12
TRAZZQC128F427A0F5,Rock,Boston  MA,42.3604823,-71.0595677,7
TRBDVVT128F4279D11,Rap,Los Angeles CA,34.0543942,-118.2439408,0
TRAGVAO128F4289B5D,Rap,Queensbridge  NY,40.75514545,-73.9449784413,7
TRBFIUJ12903CFEB7C,Rock|Metal,City of Angels,34.0543942,-118.2439408,0
TRBGRIP128F147FCA6,Rock|Pop,Chiswick  London  England,51.4923137,-0.2638179,8
TRALDDK128F9300AC5,Rock,Orange  CA,33.7500378,-117.870493,0
TRBFYJE128F14A8ABF,Reggae,Birmingham  England,52.4776875,-1.8948515,8
TRAKKOH128F42AF40E,Pop|Latin,The Bronx  New York,40.8527855,-73.8390537935,7
TRAPPUN128F429400B,Rock,Seattle  WA,47.6038321,-122.3300623,0
TRAPCHT128F4239830,Metal,Orlando  FL,28.5479786,-81.4127840856,13
TRACOHQ128F424C5EF,Metal,Cleveland  OH,41.5051613,-81.6934445,13
TRBIFOK128EF362D20,Rap,Los Angeles  CA,34.0543942,-118.2439408,0
TRAIWNA128F145E2CD,Rock,Batley  England,53.716564,-1.6363855,8
TRADXCO128F426B26D,Rock,NY - New York City,40.7305991,-73.9865811,7
TRABLLK128F428FFAF,Rock,Liverpool  England,53.4054719,-2.9805392,8
TRAZWGV128F425DA7C,Country,Vidor  TX,30.1316001,-94.0154541,1
TRBFNMG128F4278109,Rock,Boston  MA,42.3604823,-71.0595677,7
TRAXJVO128F42AC534,Country,Medicine Lodge  KS,37.2811339,-98.5803609,1
TRASYVP12903D09590,Rock,Seattle  WA,47.6038321,-122.3300623,0
TRAFKRE128F932002B,Rock,Baltimore  MD,39.2908608,-76.6108072,7
TRBIBAQ128F93279F5,Rock,England,52.7954791,-0.540240236617,8
TRAPMRV128F92F5F4C,Country,Austin  TX,30.2711286,-97.7436994,1
TRAGQBY128F42635B7,Rock,London  England,51.5073219,-0.1276473,8
TRAGFVT128F92ECB5D,Rock,Manchester  England,53.4791301,-2.2441008,8
TRAONPF128F42480A7,Country,Lynchburg  VA,37.40088,-79.1844922946,13
TRAKTWZ128EF35E206,Electronic|Rock,Los Angeles   New York,34.0143928,-117.8984509,0
TRAURRP128F4261B94,Country,Austin  TX,30.2711286,-97.7436994,1
TRALROP128F92CA9CC,Rock,Seattle  WA,47.6038321,-122.3300623,0
TRAJFDU128F426A5F4,Rock,Newcastle,54.9770924,-1.6142058,8
TRAMPCW128F92CC022,Rock|Folk,Forest Hills  Queens  New York City  NY  USA,40.7232458,-73.8466131103,7
TRAPGKY128F42972A9,Rock,St. Catharines  ON  Canada,43.1654193,-79.2391708,7
TRASSZI128F146EC5F,Rock,Dundee  Scotland,56.4593653,-2.9735212,8
TRBFPRL128F14569B9,Rock,London  England,51.5073219,-0.1276473,8
TRASDYA128F425E84F,RnB,Fairfax  California,37.9871455,-122.5888685,0
TRALQGZ128F146F500,Pop|Rock,Scotland,56.7861112,-4.1140517,8
TRAUSHD128E0795347,Rock,Sayreville  NJ,40.4592726,-74.3609821,7
TRAPGOZ128F933A945,Blues,Fargo  ND,46.8772292,-96.7898209,12
TRBBTUD128F42A10A3,Rock|Metal,POLAND,52.0977181,19.0258159,4
TRBATEY128F4285370,Country,McLellan  FL,30.9865707,-86.8863502,13
TRAZYVR128F4280A24,Rap|Rock,Long Island  NY,40.8517821,-73.099185269,7
TRAMTYX128F42985D0,Punk,New Jersey,40.0757384,-74.4041621,7
TRADCIM128F427A3A1,Rap,Croix-des-Bouquets   Haiti,18.5775444,-72.2296218,9
TRAAQCK128F92E8C33,Pop,LDN,50.10649545,14.4009095531,4
TRAGHJX128F426F76F,Rock|Folk,Duluth  MN,46.7729322,-92.1251217,12
TRANEMQ128F42A10A8,Rock|Metal,POLAND,52.0977181,19.0258159,4
TRAEOBA12903CAFAB0,Rock,London  England,51.5073219,-0.1276473,8
TRAEVHU128F92D9EA0,Rock,Houston  Texas,29.7589382,-95.3676973,1
TRADFII128F931FC9F,Metal,Los Angeles  CA,34.0543942,-118.2439408,0
TRANTAD128F92FD042,Rock,Calcutta  India,22.5677459,88.3476023,11
TRAPQQI128F1460D64,Rock,Los Angeles  California,34.0543942,-118.2439408,0
TRAUXSK128F427C58D,Punk|Rock,Pittsburgh  PA,40.4416941,-79.990086,7
TRBFRFR128E0781C86,Rock|Reggae,Gainesville  FL,29.67360855,-82.3234140624,13
TRADJGI128F148B0F6,Blues,Fargo  ND,46.8772292,-96.7898209,12
TRADFID128F4267231,Rock,Newcastle,54.9770924,-1.6142058,8
TRANPWV128F9341281,Metal,POLAND,52.0977181,19.0258159,4
TRAPHZT128F147A02B,Rock|Punk,Ukiah  CA,39.1501662,-123.207786,0
TRBDDTT128F4291192,Metal,New Orleans  LA,29.9499323,-90.0701155,1
TRALNJR128F145AC96,Rap,New York  NY,40.7305991,-73.9865811,7
TRALPKG12903CDCA8A,Rock,London  England,51.5073219,-0.1276473,8
TRAFCWJ128F42515AE,Blues,Teoc  MS,33.5792862,-90.0553621,1
TRBGNNC128F148D427,Rap,allentown Pennsylvania USA,40.6022059,-75.4712793,7
TRAWAXV128F92E075C,Pop,Minneapolis  MN,44.9772995,-93.2654691,12
TRAUOUZ128E078F8BB,Rap,Compton  California,33.8948824,-118.2260433,0
TRBHEVR128F4263CE0,Rock,Wisconsin,44.4308975,-89.6884636,12
TRAJHHE128F146815C,Blues,Gilmer  TX,32.7287472,-94.9424378,1
TRBCGKB12903CC0031,Rock,Batley  England,53.716564,-1.6363855,8
TRACBWP128C7196948,Rock,Escatawpa  MS,30.49112175,-88.5513368812,13
TRADFXD128F424694C,Rock,Borlänge,60.4856426,15.4234561,4
TRASAQI128F426EEA3,Rock|Folk,Duluth  MN,46.7729322,-92.1251217,12
TRAPHAH128F42677A4,Pop,The Bronx  New York,40.8527855,-73.8390537935,7
TRBGCAK128F425F3CC,Electronic,Braintree  Essex  England,51.8790108,0.5501584,8
TRAMUUZ128F933CA08,Rap,allentown Pennsylvania USA,40.6022059,-75.4712793,7
TRBDIMX128F147A307,Latin|Rock,Niteroi  Brazil,-22.883237,-43.1154551,10
TRAFLMU128F4274A4D,Rap,ABD,30.3668544,48.2284409439,5
TRACVSS128E07846A7,Rock,Dundee  Scotland,56.4593653,-2.9735212,8
TRANIUD12903CCE692,Reggae,Montego Bay  Jamaica,18.4724603,-77.9217356,9
TRAEOMS128F4262357,Punk,Berkeley  CA,37.8708393,-122.2728638,0
TRARUOP12903CF2384,Metal,Boston  MA,42.3604823,-71.0595677,7
TRBEIVC128F9320E95,Rock,Dundee  Scotland,56.4593653,-2.9735212,8
TRAQXJY12903CF3A0E,Reggae,Birmingham  England,52.4776875,-1.8948515,8
TRAWULX128F4291255,Country,Medicine Lodge  KS,37.2811339,-98.5803609,1
TRACTWW12903CB7550,Rock,Richmond VA,-32.8660751,151.499496964,2
TRAUJLJ128E0784E7C,Rap|RnB,Brooklyn  NY,40.6501038,-73.9495822,7
TRAGKUI128F92F4698,Metal|Rock,Sweden,59.6749712,14.5208584,4
TRAXRGF128F930A59F,Rap,New York  NY,40.7305991,-73.9865811,7
TRAIACZ128F428C60A,Rap,Atlanta  GA,33.7490987,-84.3901848,13
TRAXEHW128F423E590,Rock|Punk,New Jersey,40.0757384,-74.4041621,7
TRBBQFV128F4252EFF,Pop|Rock,Galveston  TX,29.299328,-94.7945881,1
TRADDRF128F145869F,Rock,Glasgow  Scotland,55.856656,-4.2435816,8
TRAIOWX128F14750E5,Rock,Los Angeles  CA,34.0543942,-118.2439408,0
TRALJVQ128F428C764,Rock,Los Angeles  California,34.0543942,-118.2439408,0
TRAAVGB12903CFAA99,Country,McLellan  FL,30.9865707,-86.8863502,13
TRADSQZ128F42707D7,Rock,Newcastle,54.9770924,-1.6142058,8
TRAMMAF128F93051B0,Electronic|Pop,London  England,51.5073219,-0.1276473,8
TRAZKAG12903CD1918,Rock,Ukiah  CA,39.1501662,-123.207786,0
TRAGOVG128F42A963D,Rock,Bakersfield  CA,35.3738712,-119.0194638,0
TRAWWQM128F148C796,Rock,New York  NY,40.7305991,-73.9865811,7
TRAHFOU128F42B3F2A,Rap,Long Island  NY,40.8517821,-73.099185269,7
TRABQZK128F92F54F4,Pop|Latin,Barranquilla  Colombia,11.04667645,-74.8490503668,9
TRAKDDB128F92D168A,Jazz,Hollywood  CA,34.1028268,-118.3299898,0
TRBEVTM128F92FE2B2,Electronic,Los Angeles  CA,34.0543942,-118.2439408,0
TRAZORC128F426C323,Electronic,Melbourne  Australia,-37.8142175,144.9631608,2
TRAKWTG128F42454E2,Reggae,Gainesville  FL,29.67360855,-82.3234140624,13
TRACSBL128F42480E8,Electronic,Sydney  Australia,-33.8548156,151.2164539,2
TRABGMB12903CF50FE,Rap,Germany,51.0834196,10.4234469,4
TRABFKN12903CAF61B,Rock,Baltimore  MD,39.2908608,-76.6108072,7
TRACVFF12903CF055A,Rock,Amherst  MA,42.3803676,-72.5231429,7
TRBFLER128F148C52B,Reggae,Boston  MA,42.3604823,-71.0595677,7
TRBARHH128E078EDE9,Rock,Boston  MA,42.3604823,-71.0595677,7
TRANTFR128F931C7DA,Rock,Salt Lake City  UT,40.7670126,-111.8904307,0
TRBCTRX128F4299237,RnB|Reggae,Croix-des-Bouquets   Haiti,18.5775444,-72.2296218,9
TRBCUBV128F145F7E9,Rock,Galveston  TX,29.299328,-94.7945881,1
TRBBMQN128EF35F995,Pop|Rock,Los Angeles  CA,34.0543942,-118.2439408,0
TRAAIHL128F92E6DDA,RnB,Philadelphia  PA,39.9523993,-75.1635898,7
TRBIJFB128F92ED124,Rock|Metal,Buffalo  NY,42.8971799,-78.8533217725,7
TRBICRP128F42882BB,Rap,Atlanta  GA,33.7490987,-84.3901848,13
TRAKZHN128F426C3D2,Rock,Boston  MA,42.3604823,-71.0595677,7
TRBHKXX128F4252D02,Rock,Oxford  UK,51.752225,-1.2583027,8
TRBFUSW128F92D0357,Pop|Rock,Brooklyn  NY,40.6501038,-73.9495822,7
TRBGGYE128F42B63AB,Blues,Austin  TX,30.2711286,-97.7436994,1
TRAMXPQ128F148B0C2,Country,Cleveland  TN,35.1595182,-84.8766114,13
TRAKQFZ128F429D3C9,Rock,San Francisco  CA,37.7792808,-122.4192362,0
TRAYMKM128F4277046,Rock|Folk,Forest Hills  Queens  New York City  NY  USA,40.7232458,-73.8466131103,7
TRBDSLA128F4288246,RnB,Severn  MD,39.1278864,-76.6869127,7
TRBDWLE128F42B3112,Pop|Rock,Brooklyn  NY,40.6501038,-73.9495822,7
TRBEATE128E078F0D8,Rock,Sayreville  NJ,40.4592726,-74.3609821,7
TRBFURI128F1455498,Pop,Scotland,56.7861112,-4.1140517,8
TRBAFWX12903CA9831,Rock,Atlanta  GA,33.7490987,-84.3901848,13
TRAKHYP128E0792F07,Folk|Country,Old Town  ME,44.9342349,-68.6453091,7
TRAIATD128F9331CD6,RnB,Atlanta  GA,33.7490987,-84.3901848,13
TRAMCGL128F92F3D87,Rock,Long Beach  California,33.7774658,-118.188487,0
TRATMDD12903D11C7A,Country,Gore  VA,39.2639911,-78.3319493,7
TRAQYOC128F9341CDC,Rap,East Flatbush  Brooklyn  NY,40.6537148,-73.930415,7
TRAGDPH128F9344020,Punk|Rock,San Francisco  CA,37.7792808,-122.4192362,0
TRAWOBG128F93256C6,Rock,Boston  MA,42.3604823,-71.0595677,7
TRASIVA128F933DB52,RnB,Philadelphia  PA,39.9523993,-75.1635898,7
TRBEBEZ128E0792F08,Folk|Pop,Old Town  ME,44.9342349,-68.6453091,7
TRAJEZT128E0795DF3,Pop|Electronic,Middlesbrough  England,54.5760419,-1.2344046,8
TRAJAZP128F4290FF9,Metal,Atlanta  GA,33.7490987,-84.3901848,13
TRAKOPE128F421CE6A,Country,Gore  VA,39.2639911,-78.3319493,7
TRBFLOH128F42630E3,RnB,Englewood  NJ,40.8928771,-73.972638,7
TRALZTM128F92EC5F0,Pop,Charlemagne  Quebec  Canada,45.7263547,-73.4976294,7
TRASWKJ128E0792FE7,Folk|Country,Old Town  ME,44.9342349,-68.6453091,7
TRAMMDM128F425EAA9,Rap,Croix-des-Bouquets   Haiti,18.5775444,-72.2296218,9
TRAUWRW128F9358C69,Rap,Brooklyn  NY,40.6501038,-73.9495822,7
TRBHMZS128F42658FF,Rap,Memphis  TN,35.1490215,-90.0516284,13
TRAZJOI12903CDA550,Rock,Sayreville  NJ,40.4592726,-74.3609821,7
TRAVTEH128E07953EA,Rock,Sayreville  NJ,40.4592726,-74.3609821,7
TRASXZE128F427F156,Rock,Oxford  England,51.752225,-1.2583027,8
TRAAGCZ128F93210FD,Pop|Rap,Los Angeles  CA,34.0543942,-118.2439408,0
TRASZSF128F428B8F3,Country,Sledge  MS,34.432039,-90.2224095302,13
TRAFCVI128C7196BE6,Reggae,Birmingham  England,52.4776875,-1.8948515,8
TRBCBLV128F14ADF31,Rock,Fort Wayne  Indiana,41.0799898,-85.1386014,13
TRAMSAY128F92ED0DD,Rock|Metal,Buffalo  NY,42.8971799,-78.8533217725,7
TRAFQFM128E078EC97,Rap,St. Joseph  MO,39.7686055,-94.8466321,12
TRAIUPS128F92F2825,Metal|Rock,Helsinki  Finland,60.1666277,24.9435079,4
TRAGXUZ128F9311745,Country,Kingsland  AR,33.8584369,-92.2940371,1
TRAULGT12903D10B94,Blues,Memphis  Tennessee,35.1490215,-90.0516284,13
TRBBWDJ128F42595D5,Rock,Dublin  Ireland,53.3497645,-6.2602731,8
TRBBHPQ128F145A7F8,Rock,Seymour  IN,38.9592201,-85.8902546,13
TRARTJL128F92CB44B,Rock,Sayreville  NJ,40.4592726,-74.3609821,7
TRAGYJM128EF3466D2,Rock,Amherst  MA,42.3803676,-72.5231429,7
TRADQJL128F92D9957,Electronic,Sydney  Australia,-33.8548156,151.2164539,2
TRANKIL128F1476FA2,Rock,London  England,51.5073219,-0.1276473,8
TRBBMIF12903CA1EB0,Rock,United Kingdom,54.7023545,-3.2765752,8
TRBGZKO128F92DB016,Rock,London  England,51.5073219,-0.1276473,8
TRAYIUG12903CC7E3C,World|Metal,Arles  France,43.6776223,4.6309653,8
TRBEELS128F42B63A8,Rock,Austin  TX,30.2711286,-97.7436994,1
TRAZJGD128F4289D2A,Rap,Geneva  NY,42.8689552,-76.9777435,7
TRAOATJ128F147FC9B,Rock|Pop,Chiswick  London  England,51.4923137,-0.2638179,8
TRAZBBP128E07845D4,Rap,Atlanta  GA,33.7490987,-84.3901848,13
TRABZCL128E0789AED,Country,Quantico  VA,38.5228755,-77.2901862045,7
TRAONNA128F4268CCA,Rap,Queensbridge  NY,40.75514545,-73.9449784413,7
TRAAUEO128E0780CB9,Rock,London  England,51.5073219,-0.1276473,8
TRBFYKT128F428AFF7,Country,Lynchburg  VA,37.40088,-79.1844922946,13
TRAMCND128F1466ACF,Rap,New York  NY,40.7305991,-73.9865811,7
